name,positionName,imageUrl,profileUrl,UserId,id,parentId,ads
Way_Seeker,Old Master,https://tr.rbxcdn.com/30DAY-AvatarHeadshot-991A97F1CC352061C98B748CF282A312-Png/150/150/AvatarHeadshot/Png/noFilter,https://www.roblox.com/users/1512202111/profile,1512202111,1,,
YobiGonJinn,Master,https://tr.rbxcdn.com/30DAY-AvatarHeadshot-73895742948E668D80DA60DE1EA186C7-Png/150/150/AvatarHeadshot/Png/noFilter,https://www.roblox.com/users/1523802024/profile,1523802024,2,1,
Nicollas2012121,Advanced Knight,https://tr.rbxcdn.com/30DAY-AvatarHeadshot-9424391E8C6D9D6774DD9065F56A2353-Png/150/150/AvatarHeadshot/Png/noFilter,https://www.roblox.com/users/7432064305/profile,7432064305,4,1,
IceDragon13EDSYT,Knight,https://tr.rbxcdn.com/30DAY-AvatarHeadshot-65AECFD537B133D409D94FDF6CE2B2B4-Png/150/150/AvatarHeadshot/Png/noFilter,https://www.roblox.com/users/765359166/profile,765359166,5,1,
nicolas667728,Knight,https://tr.rbxcdn.com/30DAY-AvatarHeadshot-86E3804C7F12CC5123A3EB483EEF3D3A-Png/150/150/AvatarHeadshot/Png/noFilter,https://www.roblox.com/users/5352934995/profile,5352934995,3,1,
EDU1358R,Padawan,https://tr.rbxcdn.com/30DAY-AvatarHeadshot-F835B0B45EB93CE78D1F8DB12F7BBB46-Png/150/150/AvatarHeadshot/Png/noFilter,https://www.roblox.com/users/2547212377/profile,2547212377,6,5,
midori2303,Padawan,https://tr.rbxcdn.com/30DAY-AvatarHeadshot-56224AB631A47DDB8D2313BE444DD740-Png/150/150/AvatarHeadshot/Png/noFilter,https://www.roblox.com/users/2551091550/profile,2551091550,7,4,
wilian6446,Padawan,https://tr.rbxcdn.com/30DAY-AvatarHeadshot-AB0600E3C0432EDEDE6F952BDFDEE2EE-Png/150/150/AvatarHeadshot/Png/noFilter,https://www.roblox.com/users/4579289888/profile,4579289888,8,5,
GOL65052,Head of Temple Guards,https://tr.rbxcdn.com/30DAY-AvatarHeadshot-888B00F6970F679B1C1FBF6569590BF9-Png/150/150/AvatarHeadshot/Png/noFilter,https://www.roblox.com/users/1781594268/profile,1781594268,9,1,
Leonardoda2023,Gold Arm of Honor,https://tr.rbxcdn.com/30DAY-AvatarHeadshot-BE51AF6620D6716033FD08D796B54E43-Png/150/150/AvatarHeadshot/Png/noFilter,https://www.roblox.com/users/3714581590/profile,3714581590,11,10,
Lostfoxy2020,Gold Arm of Honor,https://tr.rbxcdn.com/30DAY-AvatarHeadshot-A85CE491256221E4F397B1F8CBECA7F2-Png/150/150/AvatarHeadshot/Png/noFilter,https://www.roblox.com/users/2706868233/profile,2706868233,10,1,
sasmus245,Gold Arm of Honor,https://tr.rbxcdn.com/30DAY-AvatarHeadshot-739D2532F8DE319290B92EFB4F600038-Png/150/150/AvatarHeadshot/Png/noFilter,https://www.roblox.com/users/1564901952/profile,1564901952,12,10,
Moises4892,Silver Arm of Honor,https://tr.rbxcdn.com/30DAY-AvatarHeadshot-DB0717ACD52A49EFC8334464F983C67D-Png/150/150/AvatarHeadshot/Png/noFilter,https://www.roblox.com/users/543503548/profile,543503548,13,10,
RENZINN7,Silver Arm of Honor,https://tr.rbxcdn.com/30DAY-AvatarHeadshot-2CE86A07EAD3187B31DFD66FBE96D76D-Png/150/150/AvatarHeadshot/Png/noFilter,https://www.roblox.com/users/2203609228/profile,2203609228,14,10,
ArthurXbox243,Silver Arm of Honor,https://tr.rbxcdn.com/30DAY-AvatarHeadshot-D35EBFAE7379B4C638223BA6F5DD5368-Png/150/150/AvatarHeadshot/Png/noFilter,https://www.roblox.com/users/4847532098/profile,4847532098,15,10,
biels51,Silver Arm of Honor,https://tr.rbxcdn.com/30DAY-AvatarHeadshot-F9DD9F0D1067BF380B34588C4D607C59-Png/150/150/AvatarHeadshot/Png/noFilter,https://www.roblox.com/users/1261356213/profile,1261356213,16,10,
Jarthosbhaylgg,Iron Arm of Honor,https://tr.rbxcdn.com/30DAY-AvatarHeadshot-612703A2DBBA9B7E3621FB08B045272D-Png/150/150/AvatarHeadshot/Png/noFilter,https://www.roblox.com/users/3542531031/profile,3542531031,17,13,
Kauanzin_12354,Iron Arm of Honor,https://tr.rbxcdn.com/30DAY-AvatarHeadshot-99B4C652D83588059CBC68D5188B04E6-Png/150/150/AvatarHeadshot/Png/noFilter,https://www.roblox.com/users/4757454823/profile,4757454823,18,14,
IceDarkBlue90173,Iron Arm of Honor,https://tr.rbxcdn.com/30DAY-AvatarHeadshot-F7E315E94BDD1ECB66DF708DAF4739D8-Png/150/150/AvatarHeadshot/Png/noFilter,https://www.roblox.com/users/1887539456/profile,1887539456,18,15,
GM_Ethos,Force Ghost,https://tr.rbxcdn.com/30DAY-AvatarHeadshot-B2ECB81A0E661599989DB2BDDB249697-Png/150/150/AvatarHeadshot/Png/noFilter,https://www.roblox.com/users/4931929902/profile,4931929902,19,1,
NightSpeech,Force Ghost,https://tr.rbxcdn.com/30DAY-AvatarHeadshot-1A09827CF55A952DE9609105AE0D8FF7-Png/150/150/AvatarHeadshot/Png/noFilter,https://www.roblox.com/users/4761698331/profile,4761698331,20,1,
SP_Rafael01,Force Ghost,https://tr.rbxcdn.com/30DAY-AvatarHeadshot-FC757F568DDD0FF3E5778B62869172A8-Png/150/150/AvatarHeadshot/Png/noFilter,https://www.roblox.com/users/3577713781/profile,3577713781,21,1,
Davigugu088000,Force Ghost,https://tr.rbxcdn.com/30DAY-AvatarHeadshot-AEF3CFAC833B207C44B38E08313CF2D1-Png/150/150/AvatarHeadshot/Png/noFilter,https://www.roblox.com/users/4212295073/profile,4212295073,22,1,
acordasoninho2,Force Ghost,https://tr.rbxcdn.com/30DAY-AvatarHeadshot-8C593151805B68AE6C5C941B060A79D8-Png/150/150/AvatarHeadshot/Png/noFilter,https://www.roblox.com/users/5377015698/profile,5377015698,23,1,
Mobius118th,Force Ghost,https://tr.rbxcdn.com/30DAY-AvatarHeadshot-83F006CD8F8C85315875D3767FB70897-Png/150/150/AvatarHeadshot/Png/noFilter,https://www.roblox.com/users/36609113/profile,36609113,24,1,
THHKBcKaspoBKrQN,Legend,https://tr.rbxcdn.com/30DAY-AvatarHeadshot-66B2A585756AB816CABA2D7E7FAB008E-Png/150/150/AvatarHeadshot/Png/noFilter,https://www.roblox.com/users/5471742403/profile,5471742403,25,1,
PSEruMqa9ZLRm,Legend,https://tr.rbxcdn.com/30DAY-AvatarHeadshot-AFDD04768CCB5B26C49CC5A7C6BE843E-Png/150/150/AvatarHeadshot/Png/noFilter,https://www.roblox.com/users/5554187200/profile,5554187200,26,1,
TheGreefKarga,Legend,https://tr.rbxcdn.com/30DAY-AvatarHeadshot-40BACF7049062CF3B64F829201B2566E-Png/150/150/AvatarHeadshot/Png/noFilter,https://www.roblox.com/users/5210336408/profile,5210336408,27,1,
killernerdinha,Legend,https://tr.rbxcdn.com/30DAY-AvatarHeadshot-07F6AD58CA9B93BB365EF44AD223C654-Png/150/150/AvatarHeadshot/Png/noFilter,https://www.roblox.com/users/5345124300/profile,5345124300,28,1,
uzgJxI57Rlr,Legend,https://tr.rbxcdn.com/30DAY-AvatarHeadshot-FB330994FF23E48C4D1D200080B65043-Png/150/150/AvatarHeadshot/Png/noFilter,https://www.roblox.com/users/5416711931/profile,5416711931,29,1,
a92733892,Legend,https://tr.rbxcdn.com/30DAY-AvatarHeadshot-16A2858CFC9074597F5FB9BFCF60A05A-Png/150/150/AvatarHeadshot/Png/noFilter,https://www.roblox.com/users/7969757285/profile,7969757285,30,1,
2xcw7p981n6juqyh,Legend,https://tr.rbxcdn.com/30DAY-AvatarHeadshot-08F59860FE4704248175E8FA04FBD74F-Png/150/150/AvatarHeadshot/Png/noFilter,https://www.roblox.com/users/5355798033/profile,5355798033,31,1,
ZeDaManga7240,Legend,https://tr.rbxcdn.com/30DAY-AvatarHeadshot-D73B4438B0160E87C3592CC4A1CB444B-Png/150/150/AvatarHeadshot/Png/noFilter,https://www.roblox.com/users/7979923874/profile,7979923874,32,1,
MasterSidious_7,Legend,https://tr.rbxcdn.com/30DAY-AvatarHeadshot-81F4466FE1C4916092B7A976A2608583-Png/150/150/AvatarHeadshot/Png/noFilter,https://www.roblox.com/users/8098549231/profile,8098549231,33,1,
Masterluke752,Legend,https://tr.rbxcdn.com/30DAY-AvatarHeadshot-41C58D43E2349287B901A8B5CDE78057-Png/150/150/AvatarHeadshot/Png/noFilter,https://www.roblox.com/users/8098616915/profile,8098616915,34,1,
CameraHomi,Consular,https://tr.rbxcdn.com/30DAY-AvatarHeadshot-AB41C9CEE2F9CBC83E943B7E145DC8A7-Png/150/150/AvatarHeadshot/Png/noFilter,https://www.roblox.com/users/7332969461/profile,7332969461,35,1,
